Category,Industry
Biotechnology,Biotechnology
Technology,Computer Hardware And Networking
Technology,Electronics And Semiconductors
Technology,Internet Software And IT Services
Technology,Telecommunication
Finance,Banks And Other Credit Institutions
Finance,Investment Or Pension Funds Trusts
Finance,Financial Investment And Other Diversified Comp
Energy and Transportation,Petroleum Oil And Natural Gas
Energy and Transportation,Energy And Water Supply
Energy and Transportation,Traffic And Transportation
Energy and Transportation,Aeronautic And Astronautic Industry
Energy and Transportation,Vehicles
Energy and Transportation,Mining Coal And Steel
Retail and Hospitality,Retail Trade And Department Stores
Retail and Hospitality,Lodging And Catering Ind Leisure Facilities
Retail and Hospitality,Food And Soft Drinks
Retail and Hospitality,Textiles Garments And Leather Goods
Retail and Hospitality,Precious Metals And Precious Stones
Retail and Hospitality,Miscellaneous Consumer Goods
Manufacturing and Healthcare,Biotechnology
Manufacturing and Healthcare,Pharmaceuticals Cosmetics And Med Products
Manufacturing and Healthcare,Mechanical Engineering And Industrial Equip
Manufacturing and Healthcare,Building Materials And Building Industry
Manufacturing and Healthcare,Forestry Paper And Forest Products
Manufacturing and Healthcare,Real Estate
Manufacturing and Healthcare,Miscellaneous Services
